,Product Description,Prices,Product Links
0,Red Rose Bouquet with Dairy Milk Chocolates,$ 6.92 / Rs.609,https://www.mumbaionlineflorists.com/delivery-today/red-rose-bouquet-with-dairy-milk-chocolates-xdr8cmh1167
1,Everlasting Bouquet of Red Roses,$ 4.53 / Rs.399,https://www.mumbaionlineflorists.com/delivery-today/everlasting-bouquet-of-red-roses-xdr8flh576a
2,Birthday Delight Red Rose Bouquet,$ 5.56 / Rs.489,https://www.mumbaionlineflorists.com/delivery-today/birthday-delight-red-rose-bouquet-xdr8flh741
3,Combo Pack of Haldirams Rasgulla and Mixed Roses,$ 11.92 / Rs.1049,https://www.mumbaionlineflorists.com/delivery-today/combo-pack-of-haldirams-rasgulla-and-mixed-roses-xdr8cmh1221
4,Mesmerizing Bouquet of Red Roses,$ 7.15 / Rs.629,https://www.mumbaionlineflorists.com/delivery-today/mesmerizing-bouquet-of-red-roses-xdr8flh510
5,Eye Catching Bouquet of Red Roses,$ 6.81 / Rs.599,https://www.mumbaionlineflorists.com/delivery-today/eye-catching-bouquet-of-red-roses-xdr8flh602
6,Fresh Pink Roses Bouquet,$ 8.40 / Rs.739,https://www.mumbaionlineflorists.com/delivery-today/fresh-pink-roses-bouquet-xdr8flh625
7,Wonderful Bouquet of Yellow Roses,$ 6.24 / Rs.549,https://www.mumbaionlineflorists.com/delivery-today/wonderful-bouquet-of-yellow-roses-xdr8flh603
8,Marvelous Red Roses Bouquet,$ 6.58 / Rs.579,https://www.mumbaionlineflorists.com/delivery-today/marvelous-red-roses-bouquet-xdr8flh582
9,Beautiful Red Roses Bouquet,$ 6.24 / Rs.549,https://www.mumbaionlineflorists.com/delivery-today/beautiful-red-roses-bouquet-xdr8flh568
10,Fresh Pink Roses Bouquet,$ 5.85 / Rs.515,https://www.mumbaionlineflorists.com/delivery-today/fresh-pink-roses-bouquet-xdr8flh511
11,Red Rose Bouquet with Kaju Katli,$ 12.15 / Rs.1069,https://www.mumbaionlineflorists.com/delivery-today/red-rose-bouquet-with-kaju-katli-xdr8cmh116
12,Assorted Roses with Kaju Barfi,$ 29.99 / Rs.2639,https://www.mumbaionlineflorists.com/delivery-today/assorted-roses-with-kaju-barfi-xdr8cmh117
13,Fresh Cut Red N White Roses Bouquet,$ 12.15 / Rs.1069,https://www.mumbaionlineflorists.com/delivery-today/fresh-cut-red-n-white-roses-bouquet-xdr8flh561
14,Pretty Bunch of Mixed Flowers,$ 9.42 / Rs.829,https://www.mumbaionlineflorists.com/delivery-today/pretty-bunch-of-mixed-flowers-xdr8flh682
15,Special Pink N Red Roses Basket,$ 8.17 / Rs.719,https://www.mumbaionlineflorists.com/delivery-today/special-pink-n-red-roses-basket-xdr8flh632
16,Red Roses with a Heart Shape Balloon Combo,$ 23.85 / Rs.2099,https://www.mumbaionlineflorists.com/delivery-today/red-roses-with-a-heart-shape-balloon-combo-xdr8cmh175
17,Teddy and Red Rose Bouquet,$ 11.47 / Rs.1009,https://www.mumbaionlineflorists.com/delivery-today/teddy-and-red-rose-bouquet-xdr8cmh1141
18,Fresh Mixed Flowers Bunch,$ 9.99 / Rs.879,https://www.mumbaionlineflorists.com/delivery-today/fresh-mixed-flowers-bunch-xdr8flh673
19,Stylish Gerberas N Roses Arrangement,$ 9.08 / Rs.799,https://www.mumbaionlineflorists.com/delivery-today/stylish-gerberas-n-roses-arrangement-xdr8flh664
20,Fresh Arrangement of Dutch Roses,$ 52.26 / Rs.4599,https://www.mumbaionlineflorists.com/delivery-today/fresh-arrangement-of-dutch-roses-xdr8flh116
21,Lovely Arrangement of Lilies Roses and Carnations,$ 28.40 / Rs.2499,https://www.mumbaionlineflorists.com/delivery-today/lovely-arrangement-of-lilies-roses-and-carnations-xdr8flh148
22,Breathtaking Beauty of Red Yellow   White Roses,$ 35.90 / Rs.3159,https://www.mumbaionlineflorists.com/delivery-today/breathtaking-beauty-of-red-yellow---white-roses-xdr8flh689
23,Red Roses with Black Forest Cake,$ 26.47 / Rs.2329,https://www.mumbaionlineflorists.com/delivery-today/red-roses-with-black-forest-cake-xdr8cmh301
24,Red Roses and Twin Teddies Basket Arrangement,$ 15.44 / Rs.1359,https://www.mumbaionlineflorists.com/delivery-today/red-roses-and-twin-teddies-basket-arrangement-xdr8cmh1134
25,Red Roses with Teddy and Balloons,$ 10.22 / Rs.899,https://www.mumbaionlineflorists.com/delivery-today/red-roses-with-teddy-and-balloons-xdr8cmh1142
26,Multicolored Roses with Assorted Dry Fruits,$ 21.13 / Rs.1859,https://www.mumbaionlineflorists.com/delivery-today/multicolored-roses-with-assorted-dry-fruits-xdr8cmh119
27,Lovely Basket Arrangement of Red Roses,$ 33.81 / Rs.2975,https://www.mumbaionlineflorists.com/delivery-today/lovely-basket-arrangement-of-red-roses-xdr8flh113
28,Amazing Bouquet of Mixed Flowers,$ 11.01 / Rs.969,https://www.mumbaionlineflorists.com/delivery-today/amazing-bouquet-of-mixed-flowers-xdr8flh684
29,Heart Shaped Arrangement of Red Color Roses,$ 17.49 / Rs.1539,https://www.mumbaionlineflorists.com/delivery-today/heart-shaped-arrangement-of-red-color-roses-xdr8flh120
30,Magnificent Basket of Pink Roses with Green Leaves,$ 27.10 / Rs.2385,https://www.mumbaionlineflorists.com/delivery-today/magnificent-basket-of-pink-roses-with-green-leaves-xdr8flh1557
31,Joyful Heart Shape Arrangement of Red Roses,$ 33.92 / Rs.2985,https://www.mumbaionlineflorists.com/delivery-today/joyful-heart-shape-arrangement-of-red-roses-xdr8flh1431
